{
    "ambient_light": 0.0,
    "bed_works": true,
    "coordinate_scale": 1.0,
    "effects": "minecraft:overworld",
    "has_ceiling": false,
    "has_raids": false,
    "has_skylight": true,
    "height": 384,
    "infiniburn": "#minecraft:infiniburn_overworld",
    "logical_height": 384,
    "min_y": -64,
    "monster_spawn_block_light_limit": 0,
    "monster_spawn_light_level": {
        "max_inclusive": 7,
        "min_inclusive": 0,
        "type": "minecraft:uniform"
    },
    "natural": true,
    "piglin_safe": true,
    "respawn_anchor_works": true,
    "ultrawarm": false
}