{
    "type": "minecraft:entity",
    "pools": [
        {
            "bonus_rolls": 0,
            "entries": [
                {
                    "type": "minecraft:item",
                    "functions": [],
                    "name": "minecraft:sunflower"
                }
            ],
            "rolls": 1,
            "functions": [
                {
                    "function": "minecraft:set_components",
                    "components": {
                        "minecraft:custom_name": {
                            "text": "1$",
                            "color": "yellow",
                            "italic": false,
                            "bold": true
                        }
                    }
                }
            ]
        }
    ],
    "functions": []
}