{
  "type": "minecraft:crafting_shapeless",
  "category": "building",
  "group": "bed",
  "ingredients": [
    "minecraft:light_gray_dye",
    [
      "minecraft:black_bed",
      "minecraft:blue_bed",
      "minecraft:brown_bed",
      "minecraft:cyan_bed",
      "minecraft:gray_bed",
      "minecraft:green_bed",
      "minecraft:light_blue_bed",
      "minecraft:lime_bed",
      "minecraft:magenta_bed",
      "minecraft:orange_bed",
      "minecraft:pink_bed",
      "minecraft:purple_bed",
      "minecraft:red_bed",
      "minecraft:yellow_bed",
      "minecraft:white_bed"
    ]
  ],
  "result": {
    "count": 1,
    "id": "minecraft:light_gray_bed"
  }
}